{
  "android.permission.INTERNET": [0.750176266, 0.945831868],
  "android.permission.ACCESS_NETWORK_STATE": [0.71206341, 0.901952163],
  "android.permission.WRITE_EXTERNAL_STORAGE": [0.631356717, 0.771895885],
  "android.permission.WAKE_LOCK": [0.53142709, 0.512091101],
  "android.permission.READ_PHONE_STATE": [0.459683692, 0.870559268],
  "android.permission.ACESS_WIFI_STATE": [0.412756028, 0.71218783],
  "android.permission.GET_ACCOUNTS": [0.392014519, 0.259409075],
  "android.permission.VIBRATE": [0.387051372, 0.370031657],
  "android.permission.RECEIVE_BOOT_COMPLETED": [0.319271084,  0.496614492],
  "com.google.android.c2dm.permission.RECEIVE": [0.297899922,  0.114052058],
  "android.permission.ACCESS_FINE_LOCATION": [0.263417164, 0.385903975],
  "android.permission.ACCESS_COARSE_LOCATION": [0.248675877, 0.43237777],
  "android.permission.READ_CONTACTS": [0.211859699, 0.199569117],
  "android.permission.GET_TASKS": [0.205118707,  0.412240591],
  "android.permission.CAMERA": [0.179488129, 0.162196623],
  "android.permission.WRITE_SETTINGS": [0.177968554, 0.267718959],
  "android.permission.READ_EXTERNAL_STORAGE": [0.16737657, 0.183081252],
  "com.android.vending.BILLING": [0.161635616, 0.0519257826],
  "android.permission.USE_CREDENTIALS": [0.155635384, 0.0299859304],
  "android.permission.CHANGE_WIFI_STATE": [0.151561169, 0.261871263],
  "com.android.launcher.permission.INSTALL_SHORTCUT": [0.113448646, 0.369548013],
  "android.permission.SYSTEM_ALERT_WINDOW": [0.0984480907, 0.3012223],
  "android.permission.RECEIVE_SMS": [0.0720026668, 0.237864931],
  "android.permission.READ_SMS": [0.0761509686, 0.211132606],
  "android.permission.SEND_SMS": [0.0548538835, 0.31296166],
  "com.android.launcher.permission.UNINSTALL_SHORTCUT": [0.0386310604, 0.245471333]
}